{
    "SX1301_conf": {
        "lorawan_public": true,
        "clksrc": 1, /* radio_1 provides clock to concentrator */
        "radio_0": {
            "enable": true,
            "type": "SX1257",
            "freq": 867500000,
            "rssi_offset": -166.0,
            "tx_enable": true
        },
        "radio_1": {
            "enable": true,
            "type": "SX1257",
            "freq": 868500000,
            "rssi_offset": -166.0,
            "tx_enable": false
        },
        "chan_multiSF_0": {
            /* Lora MAC channel, 125kHz, all SF, 868.1 MHz */
            "enable": true,
            "radio": 1,
            "if": -400000
        },
        "chan_multiSF_1": {
            /* Lora MAC channel, 125kHz, all SF, 868.3 MHz */
            "enable": true,
            "radio": 1,
            "if": -200000
        },
        "chan_multiSF_2": {
            /* Lora MAC channel, 125kHz, all SF, 868.5 MHz */
            "enable": true,
            "radio": 1,
            "if": 0
        },
        "chan_multiSF_3": {
            /* Lora MAC channel, 125kHz, all SF, 867.1 MHz */
            "enable": true,
            "radio": 0,
            "if": -400000
        },
        "chan_multiSF_4": {
            /* Lora MAC channel, 125kHz, all SF, 867.3 MHz */
            "enable": true,
            "radio": 0,
            "if": -200000
        },
        "chan_multiSF_5": {
            /* Lora MAC channel, 125kHz, all SF, 867.5 MHz */
            "enable": true,
            "radio": 0,
            "if": 0
        },
        "chan_multiSF_6": {
            /* Lora MAC channel, 125kHz, all SF, 867.7 MHz */
            "enable": true,
            "radio": 0,
            "if": 200000
        },
        "chan_multiSF_7": {
            /* Lora MAC channel, 125kHz, all SF, 867.9 MHz */
            "enable": true,
            "radio": 0,
            "if": 400000
        },
        "chan_Lora_std": {
            /* Lora MAC channel, 250kHz, SF7, 868.3 MHz */
            "enable": true,
            "radio": 1,
            "if": -200000,
            "bandwidth": 250000,
            "spread_factor": 7
        },
        "chan_FSK": {
            /* FSK 50kbps channel, 868.8 MHz */
            "enable": true,
            "radio": 1,
            "if": 300000,
            "bandwidth": 125000,
            "datarate": 50000
        }
    },
    "gateway_conf": {
        "gateway_ID": "AA555A0000000000"
    }
}
